{
  "list" : {
    "0" : [ [ "cylinderTag1", 1 ], [ "cylinderTag1", 5 ] ],
    "1" : [ [ "cylinderTag1", 4 ] ],
    "2" : [ [ "cylinderTag1", 3 ], [ "cylinderTag1", 0 ] ],
    "3" : [ [ "cylinderTag1", 4 ] ],
    "5" : [ [ "air", 1 ] ]
  },
  "pos" : {
    "0" : [ 103.34496517116901, 167.9550368635027, -2.4196812103827814E-9 ],
    "1" : [ 102.97349556331675, 167.52756773842725, 7.688488613334031E-10 ],
    "2" : [ 199.8400580205447, 97.00860783774948, -1.328606553873678E-8 ],
    "3" : [ 99.53274489703166, 24.337962062800347, 1.0668801209640718E-8 ],
    "4" : [ -0.5114956645629956, 99.2312043885069, 3.812023629094748E-9 ],
    "5" : [ 102.99443855005104, 168.172794981378, 1.6609890636800242E-10 ]
  },
  "stat" : {
    "TPPVF" : 4.6122507145515153E-4,
    "CPVF" : 4.6122507145515153E-4,
    "SVF" : 0.0,
    "SPAF" : 0.0,
    "TPAF" : 0.026,
    "CAF" : 0.026,
    "SPVF" : 0.0,
    "TPVF" : 2.0420352248333654E-4,
    "CPAF" : 0.03915,
    "CVF" : 2.0420352248333654E-4,
    "SAF" : 0.0,
    "TPPAF" : 0.03915
  }
}