{"circuit": "{\"0\": [\"$\", 1, \"5e-5\", 10.634267539816555, 43, 2.0, 50], \"1\": [\"r\", 0, 1, 0, 1, \"1400.259047604009\"], \"2\": [\"r\", 0, 2, 0, 2, \"1386.431346392605\"], \"3\": [\"r\", 1, 3, 0, 3, \"1396.9589205230432\"], \"4\": [\"r\", 2, 3, 0, 4, \"1398.9163713884366\"], \"5\": [\"R\", 1, 9999, 0, 5, \"0\", \"40.0\", \"0.0\", \"0.0\", \"0.0\", \"0.5\"], \"6\": [\"r\", 2, 9998, 0, 6, \"100\"], \"7\": [\"g\", 9998, 9997, 0, 0], \"8\": [\"w\", 2, 1, 0, 7]}", "inputids": [5], "outputids": [6], "controlids": []}